id,question,answer,category,tags,alt_questions,img_keys
103_chunk_00,tính kế hoạch vật tư hằng ngày,"TÍNH KẾ HOẠCH VẬT TƯ HẰNG NGÀY Các bước thực hiện: 1. Tính kế hoạch sản xuất 2. Kiểm số lượng vật tư tồn trong kho 3. Tính kế hoạch sử dụng vật tư 4. Đặt hàng 5. Cập nhật kế hoạch đặt hàng cho kho vật tư 6. Theo dõi, kiểm tra và cập nhật những thay đổi (nếu có) ------------------------------------------ 1. Tính kế hoạch sản xuất ------------------------------------------ * Tính số lượng thùng, chai sử dụng cho ngày tiếp theo dựa trên kế hoạch sản xuất. - Thùng: số lượng tổng của 1 loại thùng sử dụng trong kế hoạch. - Chai: số lượng tổng mỗi loại chai = số kiện × quy cách thùng. ------------------------------------------ 2. Kiểm số lượng vật tư tồn trong kho ------------------------------------------ * Kiểm tra tồn kho từng loại chai có trong kế hoạch hôm sau và ghi nhận số lượng tương đối (lưu ý số lượng kiểm tra không được nhiều hơn số lượng thực tế tại kho). * Cách đếm: số lượng chai trong bao × tổng số bao chai (lưu ý kiểm tra cách xếp trên pallet 1 lớp gồm bao nhiêu bao). * Tồn chai các xưởng: 1, 4, 5 * Tồn thùng các xưởng: 1 và 3 * Lưu ý: một số loại chai tồn kho ít → cần có phương án cho về dự phòng. ------------------------------------------ 3. Tính kế hoạch sử dụng vật tư ------------------------------------------ Kết hợp với kho vật tư để tính kế hoạch dự kiến sử dụng vật tư trong ngày: * Kiểm tra từng loại chai, thùng có trong kế hoạch ngày mai → có kế hoạch sử dụng trong buổi chiều hay không. * Từ số liệu tồn kho thực tế – số lượng dự kiến dùng trong ngày = TỒN KHO THỰC TẾ CUỐI NGÀY. Tính số lượng vật tư cần đặt thêm: Nếu tồn kho cuối ngày – kế hoạch sản xuất ngày tiếp theo ≥ tồn MIN vật tư → KHÔNG cần đặt thêm. Ngược lại → cần ĐẶT THÊM để đảm bảo đủ cho sản xuất. Ví dụ: Tồn thực tế chai 450-02: 10.000 chai Số lượng sử dụng trong ngày: 4",ke_hoach_vat_tu,5l|kiểm_tra|kế_hoạch|tồn_kho,tính kế hoạch vật tư hằng ngày là gì?,
103_chunk_01,tính kế hoạch vật tư hằng ngày,". Tính số lượng vật tư cần đặt thêm: Nếu tồn kho cuối ngày – kế hoạch sản xuất ngày tiếp theo ≥ tồn MIN vật tư → KHÔNG cần đặt thêm. Ngược lại → cần ĐẶT THÊM để đảm bảo đủ cho sản xuất. Ví dụ: Tồn thực tế chai 450-02: 10.000 chai Số lượng sử dụng trong ngày: 4.000 chai Tồn cuối ngày: 6.000 chai Kế hoạch ngày tiếp theo sử dụng 450-02: 12.000 chai Tồn kho MIN loại này: 8.000 chai → Ít nhất cần đặt thêm: 6.000 chai 450-02 để đủ kế hoạch → Số lượng đặt hàng lý tưởng: 14.000 chai ------------------------------------------ 4. Đặt hàng ------------------------------------------ * Ưu tiên đặt hàng nhà cung cấp trước 15h hằng ngày để nhà cung cấp có kế hoạch sắp xếp xe giao hàng hoặc xử lý phát sinh (ví dụ: hết xe, không đủ hàng,…). * Phân bổ vật tư và đặt hàng trên nhóm ZALO (danh sách nhà cung cấp đính kèm). Lưu ý: * Không dồn quá nhiều mã chai lớn cho một nhà cung cấp. * Các mã có lượng dùng lớn (1000-02, 1000-04, can 5L…) chia đều cho 2–3 nhà cung cấp. * Chú ý thời gian giao hàng: gấp hay chỉ cần giao trong ngày. * Luôn có nhà cung cấp dự phòng thứ 3. * Đặt hàng xoay vòng giữa các nhà cung cấp. * Kiểm tra nhà cung cấp đã xác nhận giao hàng hay chưa. * Phân bổ số lượng theo chuyến xe (mang tính hỗ trợ nhà cung cấp, không bắt buộc). ------------------------------------------ 5. Cập nhật kế hoạch đặt hàng cho kho vật tư ------------------------------------------ * Sau khi đặt hàng xong, bộ phận vật tư thông báo cụ thể số lượng và nhà cung cấp giao hàng trên nhóm → kho chủ động sắp xếp vị trí. * Thông báo thay đổi nhà cung cấp theo quy tắc “cuốn chiếu” (dùng hết nhà cung cấp này mới chuyển sang nhà cung cấp khác). * Trường hợp nhà cung cấp không giao đủ: - Báo ngay cho người hướng dẫn để được xử lý",ke_hoach_vat_tu,5l|kiểm_tra|kế_hoạch|tồn_kho,tính kế hoạch vật tư hằng ngày là gì?,
103_chunk_02,tính kế hoạch vật tư hằng ngày,"giao hàng trên nhóm → kho chủ động sắp xếp vị trí. * Thông báo thay đổi nhà cung cấp theo quy tắc “cuốn chiếu” (dùng hết nhà cung cấp này mới chuyển sang nhà cung cấp khác). * Trường hợp nhà cung cấp không giao đủ: - Báo ngay cho người hướng dẫn để được xử lý. - Nếu ảnh hưởng kế hoạch → báo sản xuất và kinh doanh để điều chỉnh kế hoạch phù hợp. ------------------------------------------ 6. Theo dõi, kiểm tra và cập nhật các thay đổi ------------------------------------------ * Theo dõi liên tục thông tin trên nhóm nhà cung cấp và nhóm Kho vật tư để cập nhật khả năng đáp ứng và nhu cầu sản xuất. * Nhận thông tin giao hàng của nhà cung cấp: biển số xe + số người giao hàng. * Thông báo trên nhóm giao hàng để bảo vệ mở cổng.",ke_hoach_vat_tu,5l|kiểm_tra|kế_hoạch|tồn_kho,tính kế hoạch vật tư hằng ngày là gì?,
104_chunk_00,tính kế hoạch đặt vật tư dự phòng,"TÍNH KẾ HOẠCH ĐẶT VẬT TƯ DỰ PHÒNG 1. Kế hoạch đơn hàng chai thùng 2. Kế hoạch đơn hàng nhãn chung và gói chung 1. KẾ HOẠCH ĐƠN HÀNG CHAI THÙNG * Dựa vào báo cáo kế hoạch sản xuất hàng tuần * Nhập file theo form 1.4. KH CHAI và 1.4. KH THÙNG trong 2 tuần tiếp theo * VD: tuần 32 → sẽ nhập file tuần 33 và 34 * Tính số lượng chai thùng dự kiến cần sử dụng trong 2 tuần tiếp theo bằng cách nhập số lượng mỗi mã chai hoặc mã thùng có kế hoạch sản xuất * Lên đơn hàng dự phòng * Nhập file theo form 1.4. KH CHAI và 1.4. KH THÙNG (vd file chai – file thùng tương tự) (nhap-file-theo-form-1.4.khchai-va-1.4.khthung) * Từ số liệu có trong FORM, kế tiếp lên kế hoạch đặt hàng dự phòng để sử dụng * Lưu ý: - Đặt số lượng chai thùng dự phòng tại nhà cung cấp, để lấy hàng khi có nhu cầu SX - Luôn dự phòng nhiều nhà cung cấp, không dồn đơn về 1 nhà để tránh rủi ro thiếu hụt - Đặt số lượng vừa phải, để tránh tình trạng biến động giá - Kế hoạch chỉ là tham khảo nên luôn phải theo sát tiến độ thực tế để xử lý tình huống kịp thời * Cách tạo đơn trên phần mềm MISA 2. KẾ HOẠCH ĐƠN HÀNG NHÃN + GÓI CHUNG 2.1. Dựa vào file 1.2 để làm kế hoạch đặt nhãn 2.2. Kiểm tra tốc độ bán + thành phẩm trong kho 2.3. Đặt hàng + lên đơn hàng 2.4. Theo dõi lịch về nhãn/gói và KHSX hằng ngày 2.1. Dựa vào file 1.2 để làm KH đặt nhãn + gói chung * Dựa vào báo cáo kế hoạch sản xuất hàng tuần * Nhập file theo form 1.2 KH NHÃN GÓI CHUNG trong 2 tuần tiếp theo (tương tự form chai thùng) * VD: tuần 32 → sẽ nhập file tuần 33 và 34 * Tính số lượng kiện sản xuất dự kiến có kế hoạch đóng trong 2 tuần tiếp theo bằng cách nhập số lượng theo từng loại nhãn và quy cách đóng * Lên đơn hàng dự phòng * Lưu ý: KHSX đưa theo thùng nhưng khi đặt sẽ quy ra nhãn/gói (số thùng × quy cách kiện + 2 nhãn/gói dán trên thùng). VD",quy_trinh_mua_hang_misa,10ml|450ml|900ml|kiểm_tra|kế_hoạch|thiết_kế|tồn_kho|xuất_kho,tính kế hoạch đặt vật tư dự phòng là gì?,ke-hoach-don-hang-chai-thung|cach-tao-don-vat-tu-tren-phan-mem-misa|nhap-file-theo-form-1.2-kh-nhan-goi-chung|luu-y-khsx-dua-theo-thung|kiem-tra-toc-do-ban-va-thanh-pham-trong-kho|kiem-tra-toc-do-ban-tat-ca-cac-loai-nhan-goi-trong-1-thang|goi-roi|goi-mang|decal cuon|nhan-giay
104_chunk_01,tính kế hoạch đặt vật tư dự phòng,"n xuất dự kiến có kế hoạch đóng trong 2 tuần tiếp theo bằng cách nhập số lượng theo từng loại nhãn và quy cách đóng * Lên đơn hàng dự phòng * Lưu ý: KHSX đưa theo thùng nhưng khi đặt sẽ quy ra nhãn/gói (số thùng × quy cách kiện + 2 nhãn/gói dán trên thùng). VD: 50T nhãn 450ml = 2000 + 2 nhãn thùng 2.2. Kiểm tra tốc độ bán + thành phẩm trong kho * Để số lượng đặt hàng chính xác và có dự phòng tốt hơn trong mùa vụ cần kiểm tra tốc độ bán và lượng thành phẩm trong kho * Xem tốc độ bán và hàng tồn thành phẩm bằng báo cáo trên MISA: Báo cáo > Kho > Tổng hợp tồn kho > Chọn tham số > Kho TP > Lùi thời gian 1 tháng > Xem báo cáo * Kiểm tra tốc độ bán tất cả các loại nhãn/gói trong 1 tháng: - Xuất kho (Tốc độ bán) - Cuối kỳ (Thành phẩm) * In nhãn, kế đến check nhãn/gói rồi ghi tên nhãn/gói. Phân chia nhà in phù hợp (độ gấp/giá/màu sắc,…) → check giá + số lượng in tối thiểu. * Nhãn/gói chung sẽ có 4 pháp nhân (BMC, Delta, Agrishop, Tỷ Phúc Thịnh). Luôn luôn cập nhật thông tin các nhãn/gói mới và chỉnh sửa để in tái bản chính xác. * Đem đơn hàng qua cho thiết kế xem lại tất cả file in nhãn 1 lần nữa trước khi qua trình ký (Trưởng phòng → Sếp). 2.4. Theo dõi lịch về nhãn và KHSX hằng ngày - Đơn hàng đã ký → Thiết kế gửi file cho nhà in → Duyệt đơn → Theo dõi lịch về (trên group lịch về Zalo). - Theo dõi KHSX hằng ngày để điều phối nhãn hợp lý, tránh thiếu khi sản xuất hoặc về dư gây tồn kho (đặc biệt nhãn 900ml như Trâu Rừng, Khai Hoang Q10/Q7, Phúc Thịnh). Các sản phẩm cần chú ý xác nhận lại với kinh doanh trước khi đặt: + Kajio 8gr, 5gr + Pilot 450gr - BMC + Pilot 500gr - Phúc Thịnh + Niko - 35gr + Bám dính 10ml Thời gian gấp tối thiểu cho: Màng (15 ngày); Túi (3-5 ngày); Nhãn (2-3 ngày).",quy_trinh_mua_hang_misa,10ml|450ml|900ml|kiểm_tra|kế_hoạch|thiết_kế|tồn_kho|xuất_kho,tính kế hoạch đặt vật tư dự phòng là gì?,ke-hoach-don-hang-chai-thung|cach-tao-don-vat-tu-tren-phan-mem-misa|nhap-file-theo-form-1.2-kh-nhan-goi-chung|luu-y-khsx-dua-theo-thung|kiem-tra-toc-do-ban-va-thanh-pham-trong-kho|kiem-tra-toc-do-ban-tat-ca-cac-loai-nhan-goi-trong-1-thang|goi-roi|goi-mang|decal cuon|nhan-giay
105_chunk_00,quy trình làm phiếu nhập,1. Mua hàng trong nước nhập kho. 2. Mua hàng trong nước không qua kho 3. Mua hàng nhập khẩu qua kho,quy_trinh_mua_hang_misa,mua_hàng|nhập_kho,quy trình làm phiếu nhập là gì?,
106_chunk_00,mua hàng trong nước nhập kho,"Mua vật tư nguyên liệu, được kiểm soát số lượng xuất rõ ràng. Ví dụ: chai, thùng, nhãn, nguyên liệu,… Các dạng thường gặp: - Nhập kho vật tư: chai, thùng, nhãn, gói - Nhập kho nguyên liệu mua trong nước Kiểm tra phiếu giao hàng: mã vật tư, nhà cung cấp, số lượng,… → nếu OK thì nhập lên phần mềm MISA LƯU Ý: nhà cung cấp thường không ghi đúng mã vật tư mà chỉ mô tả → cần kiểm tra kỹ để nhập đúng mã vật tư THAO TÁC NHẬP MISA * Bước 1: Vào Mua hàng → Mua hàng → Thêm * Bước 2: Chọn mũi tên bên phải và click “Mua hàng trong nước nhập kho” * Bước 3: Chọn trạng thái hóa đơn theo thực tế: - Nhận kèm hóa đơn - Không kèm hóa đơn - Không có hóa đơn * Bước 4: Chọn mã nhà cung cấp theo phiếu giao (VD: Thành Phát, Minh Thành) * Bước 5: Sau khi chọn nhà cung cấp, nhấp biểu tượng bánh răng bên trái → chọn “Lập từ đơn mua hàng” Sau đó nhấp nút kính lúp để chọn mã vật tư tương ứng * Bước 6: Thay đổi thời gian lấy dữ liệu đơn hàng: - “Từ ngày”: lùi tối thiểu 6 tháng - “Đến ngày”: tăng 7 ngày so với ngày giao hàng → nhấn “Lấy dữ liệu” * Bước 7: Chọn mã vật tư theo phiếu giao - Nhập từ khóa cần tìm (mã vật tư, ĐMH, tên vật tư,…) - Chọn đúng toàn bộ vật tư trong phiếu giao - Nhấn “Đồng ý” Lưu ý quan trọng tại bước 7: - Nếu một mã vật tư nằm trong nhiều đơn hàng + giá giống nhau → nhập hết số lượng đơn cũ, sau đó mới nhập đơn mới - Nếu một mã có nhiều đơn giá khác nhau → hỏi người hướng dẫn để nhập đúng giá (liên quan đến xuất hóa đơn) * Bước 8: Nhập số lượng nhận hàng + diễn giải LƯU Ý khi ở bước 2 chọn “nhận kèm hóa đơn”: - Nhập ký hiệu hóa đơn - Số hóa đơn - Ngày hóa đơn - Kiểm tra % thuế * Bước 9",quy_trinh_mua_hang_misa,SL|kiểm_tra|mua_hàng|nhập_kho,mua hàng trong nước nhập kho là gì?,phieu-giao-hang|buoc-1-mua-hang-trong-nuoc-nhap-kho|buoc-5-mua-hang-trong-nuoc-nhap-kho|buoc-6-7-mua-hang-trong-nuoc-nhap-kho|truong-hop-mot-ma-co-nhieu-don-va-gia-khac|buoc-8-mua-hang-trong-nuoc-nhap-kho|luu-y-o-buoc-2-chon-nhan-kem-hoa-don|luu-y-phieu-nhap-mang-goi|mau-dien-giai-phieu-nhap-hang|luu-y-phieu-nhap-chai-thung-khach-hang-mang-toi
106_chunk_01,mua hàng trong nước nhập kho,"nhiều đơn giá khác nhau → hỏi người hướng dẫn để nhập đúng giá (liên quan đến xuất hóa đơn) * Bước 8: Nhập số lượng nhận hàng + diễn giải LƯU Ý khi ở bước 2 chọn “nhận kèm hóa đơn”: - Nhập ký hiệu hóa đơn - Số hóa đơn - Ngày hóa đơn - Kiểm tra % thuế * Bước 9: Kiểm tra toàn bộ thông tin → nhấn CẤT là hoàn thành In 2 phiếu kẹp với phiếu giao hàng → đưa cho Kho Vật Tư kiểm tra lại số lượng Kho ký xác nhận → ghi số phiếu vào SỔ PHIẾU NHẬP → đưa cho kế toán ghi sổ * Một số lưu ý khi nhập chai, thùng, nhãn: - Có thể nhập vượt tối đa 10% đơn mua hàng - 3 nhà cung cấp không được nhập vượt 10%: Minh Thành, Tân Phú, Chinh Long - Chai/nắp, thùng/lót phải nhập đồng bộ số lượng LƯU Ý: Nhập phiếu nguyên liệu mua trong nước phải nhập trong ngày B1: Kiểm tra đã có ĐMH nguyên liệu chưa → nếu chưa thì tạo ĐMH (Số lượng = phiếu giao hàng; Giá = theo hóa đơn hoặc DMH cũ) B2: Nhập phiếu lên phần mềm MISA như nhập vật tư B3: Nhấn Cất và In phiếu LƯU Ý: Phiếu nhập màng (gói) - Màng phải quy đổi từ m2 → gói - Công thức: SL gói/m2 = 1.000.000 mm2 / (kích thước màng) - Số lượng gói = SL gói/m2 × SL m2 nhà cung cấp giao Diễn giải: nhập theo mẫu LƯU Ý: Phiếu nhập chai + thùng khách hàng mang tới - Mua hàng trong nước nhập kho + không có hóa đơn - Mã nhà cung cấp = mã khách hàng - Nhập mã trực tiếp trên phần mềm (không cần ĐMH)",quy_trinh_mua_hang_misa,SL|kiểm_tra|mua_hàng|nhập_kho,mua hàng trong nước nhập kho là gì?,phieu-giao-hang|buoc-1-mua-hang-trong-nuoc-nhap-kho|buoc-5-mua-hang-trong-nuoc-nhap-kho|buoc-6-7-mua-hang-trong-nuoc-nhap-kho|truong-hop-mot-ma-co-nhieu-don-va-gia-khac|buoc-8-mua-hang-trong-nuoc-nhap-kho|luu-y-o-buoc-2-chon-nhan-kem-hoa-don|luu-y-phieu-nhap-mang-goi|mau-dien-giai-phieu-nhap-hang|luu-y-phieu-nhap-chai-thung-khach-hang-mang-toi
107_chunk_00,mua hàng trong nước nhập kho không qua kho,"* Phiếu nhập loại này được dùng đối với các mặt hàng mua với mục đích phục vụ sản xuất nhưng mức độ sử dụng phụ thuộc vào mức độ sản xuất (ví dụ: sử dụng cho máy móc hoặc vật tư mua cho phòng thí nghiệm). Ví dụ: mực in cho máy date, keo dán nhãn, chai đựng mẫu cho PTN,… * Các bước nhập phiếu tương tự như làm phiếu nhập trong nước qua kho. * Chỉ khác ở một số bước sau: Bước 2: Chọn mũi tên bên phải và click chọn “Mua hàng trong nước không qua kho”. * Lưu ý: dựa vào mục đích và bộ phận sử dụng, chọn đúng tài khoản chi phí. Ví dụ: dùng cho sản xuất → 6272,…",quy_trinh_mua_hang_misa,mua_hàng|nhập_kho,mua hàng trong nước nhập kho không qua kho là gì?,buoc-2-mua-hang-trong-nuoc-nhap-kho-khong-qua-kho
108_chunk_00,mua hàng nhập khẩu qua kho,"CÁC BƯỚC THỰC HIỆN: B1: Gửi file tờ khai vào nhóm Vật tư – Kế toán B2: Kiểm tra mã vật tư cần nhập kho dựa vào tên nguyên liệu và quy cách nhập kho. Với những chất chưa có mã hoặc quy cách khác → nhờ kế toán tạo mã mới. Mã nhà cung cấp: - Pháp nhân BMC, Delta, TPT: dùng mã nhà cung cấp nước ngoài. - Pháp nhân Agrishop: AGRISHOP_BVTV. - Pháp nhân BMC VP: BMC VĨNH PHÚC. Pháp nhân BMC, Delta, TPT → chọn “Mua hàng nhập khẩu nhập kho” → Số PN đuôi NK Pháp nhân Agrishop và BMC Vĩnh Phúc → chọn “Mua hàng trong nước nhập kho” → Số PN đuôi NVT (nhập như phiếu nhập bình thường) Diễn giải trên phiếu nhập: “Nhập kho nguyên liệu – <nhà cung cấp> – Số tờ khai, ngày tờ khai – Số hợp đồng + Pháp nhân ký (Ngày hợp đồng) – Tổng tờ khai – Số lượng thực nhận hôm đó” Số hóa đơn → ghi SỐ TỜ KHAI Ngày hóa đơn → ghi NGÀY TỜ KHAI",quy_trinh_mua_hang_misa,kiểm_tra|mua_hàng|nhập_kho,mua hàng nhập khẩu qua kho là gì?,buoc-1-2-mua-hang-nhap-khau-qua-kho|mua-hang-nhap-khau-qua-kho|dien-giai-mua-hang-nhap-khau-qua-kho|phieu-nhap-chung-tu-mua-hang|hoa-don-chung-tu-mua-hang
109_chunk_00,quy trình làm nhãn riêng gồm những bước chính nào?,"Quy trình làm nhãn riêng gồm 8 bước: 1) Nhận lệnh in (T4 + T7); 2) Lên đơn hàng; 3) Kinh doanh và kế toán kiểm tra đơn hàng; 4) Trình ký (T4 + T7); 5) Gửi đơn hàng cho nhà in; 6) Duyệt in; 7) Theo dõi tiến độ nhãn về; 8) Kho kiểm tra nhãn và nhập kho. 1. NHẬN LỆNH IN: Nhận lệnh in từ CSKH C1 (BMC), C2 (Phúc Thịnh) vào thứ 4 và thứ 7 hàng tuần trên nhóm ĐẶT IN NHÃN RIÊNG Lệnh in thứ 4 > trình ký thứ 7 Lệnh in thứ 7 > trình ký thứ 4In 3 bản lệnh in: + dùng để in nhãn + dùng để tạo mã + dùng để kiểm tra tồn kho (gửi kho vật tư) 2. LÊN ĐƠN HÀNG Các Bước Lên Đơn Hàng: 2.1 In Nhãn PHÂN BIỆT TRẠNG THÁI IN TRÊN LỆNH IN In tái bản: in thiết kế đã từng in trước đó In tái bản có chỉnh sửa: thiết kế đã từng được in, nhưng khách hàng có điều chỉnh 1 số chi tiết nhỏ. Ví dụ: tên hiệu, hình ảnh, đvpp hoặc một số thông tin trên nhãn,… mà không làm thay đổi quá nhiều> trường hợp nếu khách muốn thay đổi tên thương mại > đó là thiết kế mới > lưu ý: khi thiết kế chỉnh sửa đã chốt > thì không còn lưu thiết kế cũ Thiết kế mới: là thiết kế mới được thiết kế chưa in lần nào, không có mã vật tư In thiết kế tái bản: dựa vào thư mục nhãn trên đường dẫn NAS của vật tư In tái bản có chỉnh sửa + In thiết kế mới: lên nhóm khách hàng kiểm tra nhãn khách đã chốt > gửi hình ảnh vào nhóm thêm ô tích > thiết kế thêm ô tích xong > lưu vào thư mục NAS và in nhãn  2.2 check Nhãn Dựa vào thông tin của giấy đăng kí và công bố hợp quy  > Kiểm tra nhãn theo 20 mục (ô tích sau):  1.Tên thương mại 2.Hoạt chất hàm lượng 3.Số đăng ký  4. Số hợp quy: Cần lưu ý thời hạn của giấy hợp quy. Giấy hợp quy khi được đăng ký mới sẽ có số hợp quy mới  5.Đối tượng đăng ký 6.Đơn vị đăng ký, địa chỉ 7.Đơn vị ủy quyền, địa chỉ 8. Đơn vị sản xuất: nếu trên giấy để “Báo cáo đánh giá hợp quy của công ty cổ phần BMC VN” thì ĐVSX sẽ là BMC Việt Nam. Nếu để tên công ty Agrishop hay Delta Thụy Sĩ thì ĐVSX sẽ là KCS 9. Xuất xứ: trên nhãn không thể hiện xuất xứ và các từ liên quan gây hiểu lầm về xuất xứ. Ví dụ: sản phẩm của Singapore, nhập khẩu ấn độ,…. Sẽ không được thể hiện trên nhãn. 10. Canh mép: Áp dụng cho nhãn giấy > toàn bộ đều canh mép phải, mép 10mm 11. Đơn vị phân phối, địa chỉ: được thể hiện trên nhãn hoặc không tuỳ vào yêu cầu của khách hàng  12. Màu độc, biểu tượng độc Các lưu ý Đối với mục 9 “Xuất Xứ”: Từ tháng 6/2025 trở đi tất cá các nhãn sẽ bỏ xuất xứ Mục số 12 “Màu độc, biểu tượng độc”: có 3 mức độ độc + 3 GHS: màu vàng   + 4 GHS: màu vàng + 5 GHS: màu xanh dương TRÊN GIẤY HỢP QUY 13. Quy cách + đặc điểm nguyên liệu: kiểm tra trên nhãn đã thể hiện hay chưa?  Đơn vị thể tích thực đối với nguyên liệu nước và khối lượng tịnh đối với nguyên liệu bột 14. Ngày sản xuất, ngày đóng gói, hạn sử dụng, hạn sử dụng: + Cho tất cả các sản phẩm thuốc BVTV là 2 năm + Thuốc côn trùng có thể 2 năm hoặc 3 năm  >  dựa vào giấy đăng ký để xác định  15. Liều lượng, cách dùng, HDATSD 16. Thời gian cách ly 17. Tên chai, kích thước: dựa vào bảng kích thước để check 18. Mã QR 19. Câu nhận biết 20. KIỂM TRA SỞ HỮU TRÍ TUỆ: 3 bước  1. Truy cập trang web https://wipopublish.ipvietnam.gov.vn/ + Tra tên hiệu phải tra từng từ. Ví dụ “Chiến Binh”. Tra “Chiến” xong tới “Binh”+ Nhóm sản phẩm: 5, 9 2. Kiểm tra Google xem có bị trùng thiết kế với công ty khác hay không 3. Kiểm tra thêm tên hiệu trên File Danh mục thuốc bảo vệ thực vật (Search google) >> Nên kiểm tra cả 3 cách, để tránh rủi ro + Cách xử lý khi tên hiệu vi phạm sở hữu trí tuệ: liên hệ khách hàng để đổi tên hiệu mới + Tên hiệu mới cũng cần được kiểm tra lại lần nữa trước khi sửa nhãn QUY TẮC GHI TÊN NHÃN: NHÃN/GÓI -TÊN THƯƠNG MẠI – QUY CÁCH – (ĐẶC ĐIỂM LIỆU) – TÊN HIỆU – (C2) – ĐƠN VỊ PHÂN PHỐI –  ĐƠN VỊ QUẢN LÝ ( MÃ CHAI, KÍCH THƯỚC) Đối với nhãn riêng công ty Phúc Thịnh sẽ có C2 ->  trên nhãn sẽ có câu “Ủy thác bởi PT” +Ví dụ: Nhãn bám dính – 100ml – Thấm sâu NOVA – NOVA – Mai Linh ( chai 100 -03, 171x41mm) - Kích thước, mã chai: theo file đính kèm và luôn được ghi chú phía dưới mỗi nhãn (mã chai được viết lên mép nhãn giấy) - Nhiều sản phẩm có nhiều dòng (Đặc điểm nguyên liệu): phải ghi note lên trên nhãn ( có danh sách đính kèm) + Đặc điểm nguyên liệu  ĐẶC THÙ cũng được ghi lên nhãn sau tên thương mại + Ví dụ: KENBAST 15SL GOLD, GUSSI BASTAR 200SL LONG, ABINSEC 1.8ec gold,…. - Phân biệt tên ĐƠN VỊ PHÂN PHỐI và ĐƠN VỊ QUẢN LÝ + Đơn vị quản lý được hiểu là đơn vị thanh toán và làm việc trực tiếp với cty.  + Trên tất cả các nhãn có thể không có đơn vị phân phối những bắt buộc phải có tên đơn vị phân phối. + Một đơn vị quản lý có thể có nhiều đơn vị phân phối 2.3 TẠO MÃ Quy tắc đặt tên mã trên phần mềm MISA: Đối với nhãn chai: NHAC????-STT Trong đó: - ???? Là thể tích thực trên nhãn – Ví dụ: nhãn 900ml -> mã NHAC900-XXXlưu ý đối với quy cách 1 lít = NHAC01L-XXX tương tự quy cách 4.5 lít = NHAC4.5L-XXX - STT sẽ là số liên tiếp của mã trước Đối với gói: GOI????-STT Trong đó: - ???? Là khối lượng tịnh trên nhãn tính đơn vị là gram – lưu ý mã gói luôn có 4 số nên các quy cách dưới 1000g trước đó là số 0 Ví dụ: gói 50g -> mã GOI0050-XXX - STT sẽ là số liên tiếp của mã trước Bước 1: vào MISA > danh mục > vật tư hàng hoá Bước 2: kiểm tra và đặt tên mã > chọn thêm Bước 3: thêm thông tin các mục -Mã hàng: theo quy tắc đặt tên mã  -Tên hàng: tương tự quy cách ghi tên nhãn khi check nhãn -Nhóm vật tư hàng hoá: chọn đơn vị quản lý của nhãn  -Đơn vị tính: Nhãn, gói, cái,…. -Thuế: áp dụng theo luật thuế hiện hành -Kho ngầm định: kho VTSXBước 4: Kiểm tra lại thông tin > chọn: CẤT 2.4 Lên đơn hàngBước 1: Chọn nhà cung cấp > phân bổ đặt in Đối với nhãn: Nhãn giấy: số lượng in từ 1000 > MỘC ẤN số lượng in từ 2000 > MỘC ẤN HOẶC MEKONG Nhãn decal: decal tờ và decal cuộn Decal tờ > số lượng từ 1000 đến dưới 3000 nhãn > MỘC ẤN Decal cuộn > số lượng từ 3000 nhãn > THỊNH CHINH, ĐỨC ÂN, AP Đối với gói:  MỘC ẤN VÀ TÂN ĐỨC Bước 2: Tạo đơn trên Misa Truy cập MISA > Vào mục “Đơn mua hàng” => chọn “Thêm” NHẬP TÊN NCC, số lượng ĐẶT IN THEO LỆNH IN VÀ Nhập giá > CẤT Lưu ý: nếu khách có nhu cầu đặt túi lớn hơn kích thước chuẩn > phải ghi chú cụ thể mã và số tiền chênh lệch trên diễn giải Ví dụ: đơn hàng BMC ( +- 10% trên phiếu giao hàng)  ( mã GOI0025-123 KH bù tiền chênh lệch in KT lớn hơn (900-580)*5.000 gói*1.08=1.728.000đ) Đơn hàng tối đa khoảng 10 mã vật tư > để không quá tải khi duyệt nhãn trong cùng 1 đơn  Đơn hàng 1 số khách VIP sẽ tạo đơn riêng > để dễ theo dõi. VD: BMCVP, BELL,….. Bước 3: In và Ghi tồn kho + Kế hoạch lên đơn hàng + Bước 1: Chọn in > xuất file excel > căn chỉnh > IN + Bước 2: ghi chú tình trạng nhãn lên đơn + Bước 3: ghi tồn kho nhãn đối với nhãn in tái bản và tái bản có chỉnh sửa  TỒN KHO = TỒN DO KHO VẬT TƯ KIỂM TRA + HÀNG NỢ CỦA NHÃN 3. KINH DOANH + KẾ TOÁN KIỂM TRA ĐƠN HÀNG	Sau khi xong các bước trên > Đơn hàng nhãn riêng sẽ được chuyển qua KD trước 14h thứ 3 và thứ 6 hàng tuần : Kinh doanh kiểm tra nhãn đã đúng thiết kế chưa => CSKH ký nháy + ghi kế hoạch đóng hàng  Sau khi kinh doanh kiểm xong > Kế toán kiểm tra cọc. Trường hợp thiếu cọc cần xác nhận lại với kinh doanh 4. TRÌNH KÝ Tập hợp tất cả các đơn hàng cho chị Phương kiểm tra > sau đó tập hợp trình ký SẾP Lệnh in thứ 4 > trình ký thứ 7  Lệnh in thứ 7 > trình ký thứ 4 5. GỬI ĐƠN HÀNG CHO NHÀ IN Gửi mail đơn hang cho NCCĐưa đơn hàng cho thiết kế để gửi file thiết kế cho nhà in 6. Duyệt IN: Sau khi gửi đơn hàng cho nhà cung cấp sẽ tiến hành duyệt nhãn. Bao gồm duyệt Zalo (lần 1) => Mail (lần 2), so sánh nhãn file mềm với nhãn market. Phân công duyệt nhãn và Cập nhật vào file theo dõi để kiểm soát đơn hàng duyệt in 7. Theo dõi nhãn về: theo dõi dựa thên thông báo lịch giao đơn hàng nhà cung cấp dựa vào Group Lịch nhãn về 8. Kho nhận hàng, kiểm tra Kho vật tư kiểm tra số lượng + nhãn/gói thực tế (nội dung, hình ảnh, màu sắc) nhà cung cấp giao - Đúng => Nhập kho => Kết thúc đơn hàng - Sai => báo vật tư làm việc với NCC",nhan_mang_tui,kiểm_tra|nhập_kho,quy trình làm nhãn riêng gồm những bước chính nào? là gì?,
156_chunk_00,hóa đơn công nợ thanh toán,"Hóa đơn công nợ thanh toán là chứng từ hợp lệ để chứng minh chi phí đầu vào của công ty. Là cơ sở để khấu trừ thuế GTGT. Là căn cứ đối chiếu công nợ khi kết thúc kỳ. Một hóa đơn hợp lệ phải đúng số lượng, giá tiền, tên hàng và có ký xác nhận. Việc nhận hóa đơn GTGT được thực hiện trên phần mềm Misa Amis để ghi nhận công nợ nhà cung cấp và phục vụ quá trình chốt công nợ.",quy_trinh_mua_hang_misa,,hóa đơn công nợ thanh toán là gì?,
157_chunk_00,các trường hợp nhận hóa đơn trên misa gồm những gì?,Có 2 trường hợp nhận hóa đơn trên MISA: Trường hợp 1: Mỗi hóa đơn tương ứng với 1 phiếu nhập. Trường hợp 2: Nhiều phiếu nhập tương ứng với 1 hóa đơn.,quy_trinh_mua_hang_misa,,các trường hợp nhận hóa đơn trên misa gồm những gì? là gì?,
158_chunk_00,trường hợp 1: mỗi hoá đơn tương ứng với 1 phiếu nhập,"Trường hợp 1: mỗi hoá đơn tương ứng với 1 phiếu nhập B1: Đăng nhập phần mềm Misa Amis  Chọn mua hàng B2: Tìm tên nhà cung cấp trên hoá đơn > và lựa chọn giá trị phiếu nhập đúng bằng giá trị trước thuế của hoá đơn đó Vd: Nhận hoá đơn cho phiếu phập của Tân đức trị giá Cách nhận hóa đơn trên phần mềm: B3: Nhấp chọn phiếu nhập chưa nhận hóa đơn có giá trị tương ứng với hóa đơn Trong ví dụ này, chọn phiếu nhập có giá trị nhập kho là 13.660.300đ Cách nhận hóa đơn trên phần mềm: B4: Nhấp nhận hóa đơn Cách nhận hóa đơn trên phần mềm: B5: Nhập ký hiệu hóa đơn, số hóa đơn, ngày hóa đơn > Kiểm tra thuế và chỉnh thuế nếu chưa khớp với hóa đơn   Cất",quy_trinh_mua_hang_misa,kiểm_tra|mua_hàng|nhập_kho,trường hợp 1: mỗi hoá đơn tương ứng với 1 phiếu nhập là gì?,buoc-1-hoa-don-truong-hop-1.jpg|buoc-2-hoa-don-truong-hop-2.jpg|buoc-3-hoa-don-truong-hop-3.jpg|buoc-4-hoa-don-truong-hop-4.jpg|buoc-5-hoa-don-truong-hop-5.jpg
159_chunk_00,trường hợp 2: nhiều phiếu nhập tương ứng với 1 hoá đơn,"Trường hợp 2: nhiều phiếu nhập tương ứng với 1 hoá đơn Cách nhận hóa đơn trên phần mềm: B1: Kiểm tra các phiếu nhập nào tương ứng với hoá đơn đó: tên hàng, số lượng, đơn giá B2: Chọn tab mua hàng > Nhận hoá đơn > chọn Thêm B3: chọn Tên nhà cung cấp theo hoá đơn > chọn các số phiếu nhập tương ứng với hoá đơn như đã tìm B4: Nhập các thông tin trên hoá đơn như trường hợp 1 > hoàn tất xong chọn Cất",quy_trinh_mua_hang_misa,kiểm_tra|mua_hàng,trường hợp 2: nhiều phiếu nhập tương ứng với 1 hoá đơn là gì?,buoc-1-truong-hop-2-nhieu-phieu-nhap-tuong-ung-voi-1-hoa-don.jpg|buoc-2-truong-hop-2-nhieu-phieu-nhap-tuong-ung-voi-1-hoa-don.jpg|buoc-3-truong-hop-2-nhieu-phieu-nhap-tuong-ung-voi-1-hoa-don.jpg|buoc-4-truong-hop-2-nhieu-phieu-nhap-tuong-ung-voi-1-hoa-don.jpg
160_chunk_00,công nợ phải trả?,"Công nợ 1. Khái quát a) Khái niệm: Công nợ phải trả là số tiền mà công ty phải thanh toán cho nhà cung cấp sau khi nhận hàng hóa hoặc dịch vụ. b) Phân loại công nợ theo thời gian thanh toán: thời hạn công nợ tùy vào thỏa thuận hai bên, hiện tại đang có: Công nợ 30 ngày Công nợ phải trả trong vòng 30 ngày kể từ ngày nhận hàng hóa hoặc dịch vụ theo thỏa thuận giữa công ty và nhà cung cấp Công nợ 60 ngày Công nợ phải trả trong vòng 60 ngày kể từ ngày nhận hàng hóa hoặc dịch vụ theo thỏa thuận giữa công ty và nhà cung cấp Công nợ 90 ngày Công nợ phải trả trong vòng 90 ngày kể từ ngày nhận hàng hóa hoặc dịch vụ theo thỏa thuận giữa công ty và nhà cung cấp c) Mục tiêu: Đảm bảo ghi nhận các mặt hàng đã mua/bán trong tháng đó, giá cả, số lượng giữa BMC và nhà cung cấp là khớp nhau. => Đối chiếu công nợ hàng tháng với nhà cung cấp d) Quy trình Bước 1 Mỗi đầu tháng yêu cầu nhà cung cấp gửi đối chiếu công nợ của tháng trước Bước 2 Thực hiện đối chiếu công nợ chi tiết từng hóa đơn * Bước 3 Sau khi công nợ hai bên đã khớp nhau thì trình ký Bước 4 Scan và chuyển kế toán lưu trữ *: Sau khi đối chiếu có các trường hợp có thể xảy ra: Tất cả hóa đơn đều khớp mặt hàng, số lượng, giá, thuế  Bước 3 Có sự khác về mặt hàng, số lượng, giá  yêu cầu nhà cung cấp xem và chỉnh sửa Có sự chênh lệch các khoản như phát sinh, đầu kỳ, cuối kỳ  Xem mục 2, B4 2. Cách đối chiếu công nợ B1: Đăng nhập Misa Amis và chọn mục báo cáo B2: Chọn Mua hàng  Báo cáo công nợ nhà cung cấp  Tổng hợp công nợ phải trả nhà cung cấp B3: Bấm chọn tham số ở góc trên bên phải  chọn kỳ báo cáo, nhà cung cấp  Tick vào ô tên nhà cung cấp  Bấm xem báo cáo B4: Đối chiếu đầu kỳ, phát sinh, thanh toán, cuối kỳ giữa ghi nhận của BMC và nhà cung cấp xem có khớp nhau không Các trường hợp chênh lệch có thể xảy ra",quy_trinh_mua_hang_misa,kiểm_tra|mua_hàng,công nợ phải trả? là gì?,buoc-1-doi-chieu-cong-no.jpg|buoc-2-doi-chieu-cong-no.jpg|buoc-3-doi-chieu-cong-no.jpg|buoc-4-doi-chieu-cong-no.jpg|buoc-5-doi-chieu-cong-no.jpg|buoc-6-doi-chieu-cong-no.jpg
160_chunk_01,công nợ phải trả?,"ham số ở góc trên bên phải  chọn kỳ báo cáo, nhà cung cấp  Tick vào ô tên nhà cung cấp  Bấm xem báo cáo B4: Đối chiếu đầu kỳ, phát sinh, thanh toán, cuối kỳ giữa ghi nhận của BMC và nhà cung cấp xem có khớp nhau không Các trường hợp chênh lệch có thể xảy ra: Giả sử bạn đang đối chiếu công nợ tháng 4,2025 Lệch đầu kỳ và phát sinh Hóa đơn tháng 3 nhà cung cấp xuất sang tháng 4  Tính số tiền chênh lệch và tìm hóa đơn xuất lệch Lệch cuối kỳ và phát sinh Hóa đơn tháng 4 nhà cung cấp xuất sang tháng 5  Tính số tiền chênh lệch và tìm hóa đơn xuất lệch Lệch thanh toán và phát sinh Do nhà cung cấp bù hàng lỗi, xuất trả hàng  tính số tiền chênh lệch và tìm phiếu bù lỗi hoặc xuất trả. B5: Bấm vào tên nhà cung cấp để hiển thị báo cáo chi tiết  Kiểm tra từng hóa đơn trong báo cáo với ĐCCN của nhà cung cấp Các mục cần đối chiếu: Số hóa đơn, Tên mặt hàng, Số lượng, Giá, VAT B6: Ghi chi tiết lệch và ký nháy xác nhận",quy_trinh_mua_hang_misa,kiểm_tra|mua_hàng,công nợ phải trả? là gì?,buoc-1-doi-chieu-cong-no.jpg|buoc-2-doi-chieu-cong-no.jpg|buoc-3-doi-chieu-cong-no.jpg|buoc-4-doi-chieu-cong-no.jpg|buoc-5-doi-chieu-cong-no.jpg|buoc-6-doi-chieu-cong-no.jpg
161_chunk_00,nhiệm vụ là chuẩn bị đầy đủ bộ hồ sơ thanh toán cho nhà cung cấp,"Nhiệm vụ là chuẩn bị đầy đủ bộ hồ sơ thanh toán cho nhà cung cấp. Gồm 2 loại thanh toán: - Thanh toán theo công nợ tháng Ví dụ tháng 7 sẽ thanh toán cho công nợ tháng 4 cho nhà cung cấp Mộc Ấn (công nợ 90 ngày). - Thanh toán tuần: thanh toán các hóa đơn phát sinh trong tuần qua, do nhà cung cấp không áp dụng công nợ. 1. Thanh toán theo công nợ Bộ thanh toán bao gồm: 1. Giấy đề nghị thanh toán => Tự in từ file mẫu có sẵn 2. Đối chiếu công nợ => Yêu cầu nhà cung cấp gửi 3. Đơn mua hàng => In từ file lưu trong google drive Phuong – VT  PDF  Nhập số DMH cần in  in 4. Hóa đơn => nhà cung cấp gửi qua email. Truy cập email Vật tư để in",quy_trinh_mua_hang_misa,mua_hàng,nhiệm vụ là chuẩn bị đầy đủ bộ hồ sơ thanh toán cho nhà cung cấp là gì?,1-giay-de-nghi-thanh-toan.jpg|2-doi-chieu-cong-no.jpg|3-don-mua-hang.jpg|4-hoa-don.jpg
162_chunk_00,nhận hóa đơn gtgt trên misa là gì và khi nào cần thực hiện?,Nhận hóa đơn GTGT trên MISA là thao tác ghi nhận hóa đơn nhà cung cấp gửi để công ty hạch toán chi phí và công nợ. Thực hiện khi nhà cung cấp gửi hóa đơn cho các phiếu nhập hàng. Có 2 trường hợp: (1) Một hóa đơn – một phiếu nhập; (2) Một hóa đơn – nhiều phiếu nhập.,quy_trinh_mua_hang_misa,,nhận hóa đơn gtgt trên misa là gì và khi nào cần thực hiện? là gì?,
163_chunk_00,đối chiếu công nợ với nhà cung cấp gồm những nội dung gì và thực hiện ra sao?,"Đối chiếu công nợ là so khớp đầu kỳ – phát sinh – thanh toán – cuối kỳ giữa BMC và nhà cung cấp. Thực hiện hằng tháng: yêu cầu nhà cung cấp gửi ĐCCN, so từng hóa đơn, xử lý lệch, ký nháy xác nhận, sau đó trình ký và lưu trữ.",khac,,đối chiếu công nợ với nhà cung cấp gồm những nội dung gì và thực hiện ra sao? là gì?,
164_chunk_00,hồ sơ thanh toán nhà cung cấp bao gồm những giấy tờ nào và quy trình lập ra sao?,Hồ sơ thanh toán có hai loại: thanh toán theo công nợ tháng và thanh toán tuần. Bộ hồ sơ gồm: (1) Giấy đề nghị thanh toán; (2) Đối chiếu công nợ nhà cung cấp; (3) Đơn mua hàng; (4) Hóa đơn nhà cung cấp. Tất cả in và tập hợp đủ trước khi trình ký.,quy_trinh_mua_hang_misa,mua_hàng,hồ sơ thanh toán nhà cung cấp bao gồm những giấy tờ nào và quy trình lập ra sao? là gì?,
165_chunk_00,cách nhận hóa đơn gtgt trên misa thực hiện như thế nào?,"Đăng nhập MISA → Chọn Mua hàng → Chọn phiếu nhập tương ứng → Nhấp 'Nhận hóa đơn' → Nhập ký hiệu, số hóa đơn, ngày hóa đơn → Kiểm tra VAT → Cất.",quy_trinh_mua_hang_misa,kiểm_tra|mua_hàng,cách nhận hóa đơn gtgt trên misa thực hiện như thế nào? là gì?,
166_chunk_00,khi mỗi hóa đơn tương ứng một phiếu nhập thì xử lý thế nào?,Chọn đúng phiếu nhập có giá trị bằng giá trị trước thuế của hóa đơn → Chọn 'Nhận hóa đơn' → Nhập thông tin hóa đơn và VAT → Cất.,khac,,khi mỗi hóa đơn tương ứng một phiếu nhập thì xử lý thế nào? là gì?,
167_chunk_00,làm sao để xác định phiếu nhập khớp với hóa đơn trong trường hợp 1?,"Kiểm tra tên nhà cung cấp, giá trị trước thuế, số lượng, đơn giá. Phiếu nhập phải có giá trị bằng giá trị hàng hóa trên hóa đơn.",khac,kiểm_tra,làm sao để xác định phiếu nhập khớp với hóa đơn trong trường hợp 1? là gì?,
168_chunk_00,khi có nhiều phiếu nhập ứng với 1 hóa đơn thì phải làm sao?,Tập hợp tất cả phiếu nhập liên quan (tên hàng – số lượng – đơn giá) → Vào Mua hàng → Nhận hóa đơn → Thêm → Chọn nhà cung cấp → Chọn nhiều phiếu nhập đúng → Nhập thông tin hóa đơn → Cất.,quy_trinh_mua_hang_misa,mua_hàng,khi có nhiều phiếu nhập ứng với 1 hóa đơn thì phải làm sao? là gì?,
169_chunk_00,khi nhập hóa đơn trên misa cần lưu ý gì về vat?,VAT phải khớp với hóa đơn nhà cung cấp. Nếu phần mềm gợi ý sai thuế suất thì phải chỉnh lại trước khi Cất.,quy_trinh_mua_hang_misa,,khi nhập hóa đơn trên misa cần lưu ý gì về vat? là gì?,
170_chunk_00,nhầm phiếu nhập khi nhận hóa đơn thì phải xử lý thế nào?,Hủy hóa đơn đã nhận trên phần mềm (nếu chưa vào kỳ) hoặc lập biên bản điều chỉnh và liên hệ kế toán để sửa đúng phiếu nhập.,khac,,nhầm phiếu nhập khi nhận hóa đơn thì phải xử lý thế nào? là gì?,
171_chunk_00,các loại công nợ theo thời hạn gồm những loại nào?,"Có ba loại: công nợ 30 ngày, 60 ngày và 90 ngày, phụ thuộc thỏa thuận giữa BMC và nhà cung cấp.",khac,,các loại công nợ theo thời hạn gồm những loại nào? là gì?,
172_chunk_00,mục tiêu đối chiếu công nợ là gì?,"Nhằm đảm bảo ghi nhận đầy đủ số lượng – giá – thuế – mặt hàng giữa BMC và nhà cung cấp, và chốt số liệu khớp nhau trước khi thanh toán.",khac,,mục tiêu đối chiếu công nợ là gì? là gì?,
173_chunk_00,quy trình đối chiếu công nợ hàng tháng như thế nào?,(1) Yêu cầu nhà cung cấp gửi ĐCCN; (2) Đối chiếu từng hóa đơn; (3) Ghi nhận chênh lệch; (4) Trình ký; (5) Scan và lưu trữ kế toán.,quy_trinh,,quy trình đối chiếu công nợ hàng tháng như thế nào? là gì?,
174_chunk_00,làm sao để xem báo cáo công nợ nhà cung cấp trên misa?,MISA → Báo cáo → Mua hàng → Công nợ phải trả nhà cung cấp → Chọn tham số → Chọn kỳ báo cáo và nhà cung cấp → Xem báo cáo.,quy_trinh_mua_hang_misa,mua_hàng,làm sao để xem báo cáo công nợ nhà cung cấp trên misa? là gì?,
175_chunk_00,khi đối chiếu phát sinh lệch đầu kỳ thì nguyên nhân thường là gì?,Do nhà cung cấp xuất hóa đơn tháng trước sang tháng sau. Cần tính chênh lệch và tìm đúng hóa đơn lệch.,khac,,khi đối chiếu phát sinh lệch đầu kỳ thì nguyên nhân thường là gì? là gì?,
176_chunk_00,khi phát sinh lệch cuối kỳ thì nguyên nhân là gì?,Do hóa đơn tháng hiện tại được nhà cung cấp xuất sang tháng kế tiếp.,khac,,khi phát sinh lệch cuối kỳ thì nguyên nhân là gì? là gì?,
177_chunk_00,lệch thanh toán là gì và vì sao xảy ra?,Do nhà cung cấp bù hàng lỗi hoặc xuất trả hàng. Phải kiểm tra phiếu bù lỗi hoặc phiếu trả hàng.,khac,kiểm_tra,lệch thanh toán là gì và vì sao xảy ra? là gì?,
178_chunk_00,khi nhà cung cấp và bmc không khớp số lượng hàng thì xử lý thế nào?,Liên hệ nhà cung cấp yêu cầu kiểm tra lại; đối chiếu từng dòng hàng; điều chỉnh số liệu nếu nhà cung cấp xác nhận.,khac,kiểm_tra,khi nhà cung cấp và bmc không khớp số lượng hàng thì xử lý thế nào? là gì?,
179_chunk_00,khi nhà cung cấp chậm gửi đccn thì bộ phận công nợ xử lý sao?,Nhắc nhà cung cấp gửi lại ngay; nếu cần gấp có thể đối chiếu bằng dữ liệu nội bộ rồi bổ sung ĐCCN sau.,khac,,khi nhà cung cấp chậm gửi đccn thì bộ phận công nợ xử lý sao? là gì?,
180_chunk_00,thanh toán theo công nợ tháng khác gì thanh toán tuần?,Thanh toán công nợ tháng: trả các khoản công nợ theo hạn (30/60/90 ngày). Thanh toán tuần: trả các hóa đơn phát sinh vì nhà cung cấp không áp dụng công nợ.,khac,,thanh toán theo công nợ tháng khác gì thanh toán tuần? là gì?,
181_chunk_00,cách chuẩn bị giấy đề nghị thanh toán như thế nào?,"Dùng file mẫu có sẵn, nhập đầy đủ thông tin số tiền – lý do thanh toán – nhà cung cấp – đính kèm hóa đơn và ĐCCN.",khac,,cách chuẩn bị giấy đề nghị thanh toán như thế nào? là gì?,
182_chunk_00,làm sao để in đơn mua hàng phục vụ thanh toán?,Mở Google Drive thư mục Phuong – VT → Tìm file đơn mua hàng → Xuất PDF → In.,quy_trinh_mua_hang_misa,mua_hàng,làm sao để in đơn mua hàng phục vụ thanh toán? là gì?,
183_chunk_00,các chứng từ nhà cung cấp cần cung cấp để thanh toán gồm gì?,Gồm Hóa đơn GTGT và Đối chiếu công nợ đã ký.,khac,,các chứng từ nhà cung cấp cần cung cấp để thanh toán gồm gì? là gì?,
184_chunk_00,trình ký hồ sơ thanh toán theo thứ tự nào?,CSKH → Vật tư → Kế toán → Giám đốc duyệt cuối.,khac,,trình ký hồ sơ thanh toán theo thứ tự nào? là gì?,
185_chunk_00,làm sao kiểm tra hóa đơn thật hay giả?,Kiểm tra mã tra cứu trên hóa đơn → Tra trên cổng thuế điện tử → Đối chiếu MST và ngày hóa đơn → So khớp QR code.,khac,kiểm_tra,làm sao kiểm tra hóa đơn thật hay giả? là gì?,
186_chunk_00,tại sao giá trị trước thuế trên phiếu nhập phải bằng hóa đơn?,Vì đó là giá trị hạch toán thực tế vật tư; nếu không khớp sẽ tạo lệch công nợ và lệch giá vốn.,khac,,tại sao giá trị trước thuế trên phiếu nhập phải bằng hóa đơn? là gì?,
187_chunk_00,nếu nhà cung cấp gửi hóa đơn muộn hơn kỳ đối chiếu thì cần làm gì?,"Ghi chú lại hóa đơn nhận muộn, điều chỉnh công nợ kỳ sau và thông báo cho kế toán để xử lý thuế.",khac,,nếu nhà cung cấp gửi hóa đơn muộn hơn kỳ đối chiếu thì cần làm gì? là gì?,
188_chunk_00,nếu phiếu nhập bị sửa sau khi đã nhận hóa đơn thì có được không?,Không được. Phải lập biên bản điều chỉnh và xử lý với kế toán trước khi sửa.,khac,,nếu phiếu nhập bị sửa sau khi đã nhận hóa đơn thì có được không? là gì?,
189_chunk_00,nếu lỡ nhận hóa đơn vào sai phiếu nhập thì có thể xóa được không?,Có thể xóa nếu chưa khóa sổ. Nếu đã khóa sổ phải nhờ kế toán mở kỳ kế toán hoặc lập chứng từ điều chỉnh.,khac,,nếu lỡ nhận hóa đơn vào sai phiếu nhập thì có thể xóa được không? là gì?,
190_chunk_00,hướng dẫn kiểm tra và xử lý lỗi vật tư phụ,"HƯỚNG DẪN KIỂM TRA VÀ XỬ LÝ LỖI VẬT TƯ PHỤ I/. Kiểm tra khi nhận vật tư từ nhà cung cấp - Vật tư phụ kiểm II/. Kiểm tra trước khi sản xuất - KCS, công nhân đứng line kiểm III/. Kiểm tra trên line - KCS kiểm, công nhân trên line IV/. Quy trình xử lý lỗi",quy_trinh,kiểm_tra,hướng dẫn kiểm tra và xử lý lỗi vật tư phụ là gì?,
191_chunk_00,nội dung kiểm tra vật tư phụ khi nhận từ nhà cung cấp gồm những gì?,"I. Kiểm tra khi nhận vật tư từ nhà cung cấp Kiểm tra chai, nắp, seal Kiểm tra túi, nhãn, màng Kiểm tra thùng, hộp Nguyên tắc Tất cả các vật tư phụ > phải kiểm tra và xác nhận ĐẠT bởi nhân viên vật tư ( có chữ kí xác nhận lên phiếu kiểm tra) > mới được phép nhập kho 1. Kiểm tra chai, nắp, seal Các chỉ tiêu cần kiểm tra: > Ngoại quan : màu sắc, hình dạng, miệng chai, cảm quan > Trọng lượng : cân xem nằm trong giới hạn cho phép hay không( bộ phận vật tư cung cấp) > Số lượng : theo quy chuẩn, phiếu giao hàng của nhà cung cấp và kế hoạch vật tư báo cho về > Seal: xem có rớt seal không, và lấy 5 chai+ nắp ( đổ nước vào tối thiểu 50% dung tích) chạy thử qua máy ép seal>> đạt thì nhận, không đạt trả về cho nhà cung cấp Phương pháp kiểm tra seal Kiểm tra miệng chai Vuốt ngược xung quanh > xem có tróc giấy không > Có đủ nhiệt để seal ăn đều quanh miệng chưa Ấn seal > xem quanh miệng chai kiểm tra có điểm nào ăn seal chưa đạt bị bung > điều chỉnh lại vị trí chai đi qua máy seal đã chuẩn chưa? Cắt seal 4 phần > bóc seal từng phần > để kiểm tra các vị trí trên miệng đều ăn seal Các lỗi trong sản xuất: 2. Kiểm tra túi, nhãn, màng Các chỉ tiêu cần kiểm tra: > Nội dung market : theo market vật tư đã ký duyệt, đơn hàng sếp đã duyệt > Kích thước : theo tiêu chuẩn > Số lượng : theo đơn hàng, phiếu giao hàng của nhà cung cấp, kế hoạch giao hàng > cảm quan : nhãn có cong, vênh hay không? Mực in có đẹp không? Màu sắc đúng theo tone màu ko? > Riêng với túi : lấy 3 túi/ 1 loại kiểm tra độ bung của các mép ép >> nếu đạt thì nhận, không đạt trả nhà cung cấp Phương pháp kiểm tra TÚI Các lỗi trong sản xuất: 3. Kiểm tra thùng, hộp Các chỉ tiêu kiểm tra: > Kiểm tra cảm quan, số lớp, thùng cán màng hay phủ chống thấm, market đối với thùng in offset > Số lượng: theo phiếu giao hàng của nhà cung cấp và lịch cho hàng về của vật tư > Độ cứng : rất quan trọng > Mã thùng Các cách kiểm tra thùng hộp: Kiểm tra mã thùng Kiểm tra số lớp thùng Kiểm tra bấm ghim Kiểm tra lỗi in thùng hai mặt cùng thiết kế trên offset Kiểm tra độ cứng của thùng:",ke_hoach_vat_tu,in_offset|kiểm_tra|kế_hoạch|nhập_kho|thiết_kế,nội dung kiểm tra vật tư phụ khi nhận từ nhà cung cấp gồm những gì? là gì?,1-kiem-ra-vat-tu-khi-nhan-tu-nha-cung-cap.jpg|2-kiem-ra-vat-tu-khi-nhan-tu-nha-cung-cap.jpg|3-kiem-ra-vat-tu-khi-nhan-tu-nha-cung-cap.jpg|phuong-phap-kiem-tra-seal.jpg|loi-trong-san-xuat-mau-sac-nap-bi-lech-trong-cung-1-lo.jpg|loi-trong-san-xuat-rot-seal.jpg|loi-trong-san-xuat-trong-luong-chai-chenh-lech.jpg|loi-trong-san-xuat-lan-nap-khong-logo.jpg|loi-trong-san-xuat-lung-ron-chai.jpg|loi-trong-san-xuat-kiem-tra-do-day-mong-than-chai.jpg|loi-trong-san-xuat-test-seal.jpg|loi-trong-san-xuat-tach-lop-o-than-chai.jpg|loi-trong-san-xuat-nap-lan-trong-lo.jpg|loi-trong-san-xuat-than-chai-nhua-khong-deu-lung-xi.jpg|loi-trong-san-xuat-lech-mau-chai.jpg|loi-trong-san-xuat-chai-bien-dang.jpg|loi-trong-san-xuat-lung-chai.jpg|loi-trong-san-xuat-khuyet-seal.jpg|phuong-phap-kiem-tra-tui.jpg|loi-trong-san-xuat-nhan-cong.jpg|loi-trong-san-xuat-noi-dung-nhan-nhan-thuc-te-bi-sai.jpg|loi-trong-san-xuat-lech-tone-mau-so-voi-market.jpg|loi-trong-san-xuat-bung-mep-tui.jpg|loi-trong-san-xuat-nhan-dut.jpg|loi-trong-san-xuat-nhan-lan-trong-1-lo-tui.jpg|loi-trong-san-xuat-goi-cat-khong-deu.jpg|loi-trong-san-xuat-goi-mang-bi-lung-lem-muc.jpg|loi-trong-san-xuat-nhan-bi-de-chu.jpg|kiem-tra-ma-thung.jpg|kiem-tra-so-lop-thung.jpg|kiem-tra-bam-ghim.jpg|loi-in-thung-hai-mat-cung-thiet-ke-tren-thung-offset.jpg|kiem-tra-do-cung-cua-thung.jpg
192_chunk_00,nội dung kiểm tra trước khi sản xuất gồm những gì?,"Nguyên tắc: > Tất cả chai, thùng, nhãn, màng, túi: KCS, công nhân đứng line phải kiểm tra trước khi cho chạy ( cho chai không liệu chạy qua máy seal > test sael) > Đạt mới được phép cho vào line sản xuất. > Riêng với chai : đổi lệnh, hay đổi nhà cung cấp >> đều phải kiểm tra seal đạt mới cho chạy. > Tất cả các line chỉ được phép chạy khi có chữ ký xác nhận của KCS lên lệnh sản xuất",chai,kiểm_tra,nội dung kiểm tra trước khi sản xuất gồm những gì? là gì?,
193_chunk_00,kiểm tra trước khi sản xuất,"Cách kiểm tra: Chai : lấy 5 chai không + nắp. ( Không chiết liệu) > cho chạy qua máy seal >> KCS kiểm tra ok > mới cho line chạy Nhãn, màng, thùng, hộp>> kiểm tra đúng loại, và chất lượng ok mới cho chạy",chai,kiểm_tra,kiểm tra trước khi sản xuất là gì?,
194_chunk_00,các nội dung cần kiểm tra trên line khi sản xuất gồm những gì?,"IV. Kiểm tra trên line Các chỉ tiêu kiểm tra: > Trọng lượng : đúng quy cách, và trong giới hạn cho phép hay không? > Seal: seal ăn không? Có tách seal, non seal hay già seal không? Cỏ glufosinate, diquat các loại : 10 chai kiểm 1 chai Các loại cỏ khác : 5 chai kiểm 1 chai Các loại sâu bệnh : 8-10 chai kiểm 1 chai Riêng các loại EC mạnh : arriphos, forgon, forsan, cythrin..: Kiểm seal 100% > Nhãn: có bị lệch không, ăn keo không? > Date: có đúng date, có mờ, lem không > Tem chống giả: với những loại yêu cầu dán. - Có đúng tem, đúng vị trí, dán đúng cách không? > Thùng thành phẩm : số lượng chai/ thùng, trọng lượng, thông tin KCS trên thùng SẢN PHẨM ĐÓNG VÀ TRỌNG LƯỢNG CHAI CHƯA PHÙ HỢP _> Cần tăng trọng lượng chai Nhóm chai dùng chung bastar HD 95gr ( móp chai ) (7.2024) Nhóm chai KH mang tới 100gr HD 1 lít KH c2 Bình Minh (3.2024) SẢN PHẨM ĐÓNG VÀ TRỌNG LƯỢNG CHAI CHƯA PHÙ HỢP Mekongvil 5SC - 1lít (20c) - Vill Thụy Sĩ - TVS (Chai tròn trắng đục BASP CHAG1000-01) date: LSX: 16.03.2024 Trọng lượng 100gr-> bị móp ĐƯỜNG KÍNH SEAL VÀ LỚP SEAL CHƯA PHÙ HỢP VỚI MIỆNG CHAI ( SEAL BT-> CHUYỂN SEAL NHÔM LOGO BMC) LỖI 16.11 nhà cung cấp Thành phát seal ăn ko đều NẮP BỊ NỨT DO SIẾT QUÁ CHẶT HOẶC CHẤT LƯỢNG NHỰA - CÓ TÁC ĐỘNG CỦA LỰC SẼ BỊ NỨT NẮP Thân chai nhựa không đều Thay đổi cách chất can trong thùng để hạn chế móp ( gãy ) can Lỗi trong giai đoạn thổi chai > xuất hiện bong bóng khí trên chai Thân chai nhựa không đều",chai,1lít|EC|NHOM|NHÔM|chống_giả|kiểm_tra,các nội dung cần kiểm tra trên line khi sản xuất gồm những gì? là gì?,non-seal.jpg|gia-seal-chay-seal.jpg|kiem-tra-bung-mep-tui.jpg|loi-trong-san-xuat-trong-date.jpg|loi-trong-san-xuat-mo-date.jpg|loi-trong-san-xuat-nap-ke.jpg|loi-trong-san-xuat-lung-can.jpg|loi-trong-san-xuat-bung-lop-seal.jpg|loi-trong-san-xuat-be-nap.jpg|loi-trong-san-xuat-bao-via-trong-than-chai.jpg|loi-trong-san-xuat-bung-mep-tui.jpg|loi-trong-san-xuat-tem-dan-chua-dinh.jpg|loi-trong-san-xuat-thung-bi-thung-do-nhà cung cấp-cat-be-sai-kich thuoc.jpg|loi-trong-san-xuat-lung-ron-cua-chai.jpg|loi-trong-san-xuat-rach-goc-thung.jpg|loi-trong-san-xuat-thung-than-chai.jpg|loi-trong-san-xuat-hai-seal.jpg|loi-trong-san-xuat-lan-tui-trong-cung-1-lo.jpg|loi-trong-san-xuat-lan-chai-khong-logo-vao-chai-co-logo.jpg|loi-trong-san-xuat-dinh-lieu-tren-chai.jpg|loi-trong-san-xuat-bung-mep-nhan.jpg|loi-trong-san-xuat-lech-nhan.jpg|loi-trong-san-xuat-lan-seal-khong-logo-vao-seal-co-logo.jpg|loi-trong-san-xuat-nap-khong-seal.jpg|loi-trong-san-xuat-nhom-chai-dung-chung-bastar-hd.jpg|loi-trong-san-xuat-nhom-chai-khach-hang-mang-toi-100gr-hd.jpg|loi-trong-san-xuat-san-pham-dong-va-trong-luong-luong-chua-phu-hop-mekongvil-5sc.jpg|loi-trong-san-xuat-thanh-phat-seal-an-khong-deu.jpg|loi-trong-san-xuat-nap-bi-nut-do-siet-qua-chat.jpg|loi-trong-san-xuat-can-bi-thung-mop.jpg|thay-doi-cach-chat-can-trong-thung-de-han-che-mop.jpg|loi-trong-san-xuat-la-xuat-hien-bong-bong-khi-tren-chai.jpg|than-chai-nhua-khong-deu.jpg
195_chunk_00,quy trình xử lý lỗi vật tư phụ được thực hiện như thế nào?,"Nhận thông tin lỗi từ sản xuất, kho => Kiểm tra thực tế => Tìm nguyên nhân lỗi => Xử lý lỗi => Phương án khắc phục tức thời và lâu dài. CỤ THỂ: Nguyên tắc xử lý lỗi > TÌM ĐƯỢC NGUYÊN NHÂN GỐC RỄ: - Nhanh chóng, kịp thời, chính xác > những lỗi nghiêm trọng cần báo ngay cấp lãnh đạo để có phương án xử lý tối ưu nhất - Phát hiện lỗi thông báo ngay đến các bộ phận liên quan để ngừng sản xuất hoặc ngừng xuất hàng (sản xuất, kho, kinh doanh, kế toán) - Phương án xử lý nhanh nhất để kịp thời đáp ứng sản xuất - Giải quyết vấn đề từ nguyên nhân gốc rễ - Ngăn chặn ngay những lỗi phát sinh từ nhà cung cấp (ngừng dùng) cho đến khi xử lý được triệt để các lỗi > xử lý nhanh nhà cung cấp khác để kịp thời bù vật tư cho sản xuất - Những lỗi chưa xác định nguyên nhân cụ thể > ngưng ngay nhà cung cấp chuyển nhà cung cấp khác > xử lý thành phẩm trong kho nếu có (tính chi phí nhà cung cấp) - Khi có các lỗi phát sinh mới, cần thông báo toàn bộ hệ thống để nắm thông tin, thông báo nhà cung cấp khác có liên quan để rà soát, nhắc nhở ngăn ngừa lỗi tương tự",quy_trinh,kiểm_tra,quy trình xử lý lỗi vật tư phụ được thực hiện như thế nào? là gì?,
196_chunk_00,các nghiệp vụ phát sinh chính của vật tư gồm những gì?,Nghiệp Vụ Phát Sinh Của Vật Tư 1. TEST CHAI 2. THIẾT KẾ NHÃN RIÊNG 3. KIỂM TRA HUỶ NHÃN 4. KIỂM TRA THÀNH PHẨM 5. QUẢN LÝ CÂN VÀ XE NÂNG TAY ĐIỆN,chai,kiểm_tra|thiết_kế,các nghiệp vụ phát sinh chính của vật tư gồm những gì? là gì?,
197_chunk_00,nội dung quy trình test chai gồm những gì?,"I. TEST CHAI Mục đích: Đảm bảo tương thích giữa chai và thuốc Đảm bảo chất lượng và ổn định sản phẩm Đảm bảo an toàn vận chuyển – lưu kho – sử dụng Giảm rủi ro kinh tế và thương hiệu Các trường hợp cần test trước chai : - Test các chai mới (lưu ý đo thùng, đo nhãn) Test các sản phẩm mới trước khi đóng hàng loạt Thay đổi loại chai hoặc nhà cung cấp mới Test các sản phẩm mới theo nhu cầu đóng của khách hàng Tiến hành các bước test chai: Bước 1: Chuẩn bị các loại chai cần test (mỗi loại 3-5 chai) Bước 2: Kiểm tra và lên danh sách các loại liệu cần để test chai Bước 3: Ứng liệu để test chai (từ sản xuất hoặc kho nguyên liệu) Bước 4: Tiến hành test chai (test ở sản xuất để đảm bảo tính đồng bộ và tính tiệm cận nhất với sản xuất) – lưu ý: ghi chú rõ nguyên liệu, ngày test, ncc chai Bước 5: Mang lên phòng thí nghiệm bỏ vào tủ sấy Bước 6: Cập nhật vào bảng theo dõi để làm tư liệu đánh giá Lưu ý khi test chai: kiểm tra thật kỹ khi tiến hành test chai: đặc biệt là về seal > canh chuẩn về nhiệt độ và seal ăn chắc đều chuẩn, không già seal, non seal > mới đánh giá chính xác độ tương thích, thời gian test seal: tủ sấy là 14 ngày, sau đó để ở nhiệt độ phòng để tiếp tục theo dõi. KIỂM TRA KẾT QUẢ SAU 7 NGÀY VÀ 14 NGÀY : Đánh giá cảm quan, hình thức bên ngoài: chai có bị biến dạng hay không, phồng thân chai, nứt chai, nứt đáy, lưu ý về độ giòn của thân chai Đánh giá seal: seal có bị ẩm, bong tróc, hiện tượng phá seal ăn mòn hoặc tách lớp Đánh giá nguyên liệu: tình trạng nguyên liệu có bình thường không? mức liệu các chai có chênh lệch không?",chai,kiểm_tra,nội dung quy trình test chai gồm những gì? là gì?,buoc-1-2-3-test-chai.jpg|buoc-4-5-6-test-chai.jpg
198_chunk_00,nội dung và quy trình thiết kế nhãn riêng gồm những gì?,"II. THIẾT KẾ NHÃN RIÊNG Mục đích: Đáp ứng như cầu của khách hàng muốn đóng nhãn riêng Hệ thống nhu cầu của khách logic và tránh thiếu sót nhu cầu Phối hợp với CSKH để đáp ứng đúng ý của khách hàng và tiến độ nhanh chóng QUY TRÌNH THIẾT KẾ NHÃN RIÊNG: NHẬN LỆNH THIẾT KẾ TỪ CSKH -> PHÂN THIẾT KẾ -> THIẾT KẾ NHÃN -> CHỐT NHÃN Bước 1: Nhận lệnh thiết kế từ CSKH CSKH nhận yêu cầu thiết kế từ khách hàng > CSKH chụp xác nhận của khách hàng gửi lên nhóm Nhãn riêng > Vật tư (thiết kế) cập nhật vào file theo dõi Bước 2: Vật tư (thiết kế) vào nhóm thiết kế > phân thiết kế phụ trách thiết kế nhãn theo nhu cầu của khách CSKH có trách nhiệm trao đổi với khách để lên ý tưởng, hình ảnh, màu sắc theo ý của khách hàng Vật tư có trách nhiệm giải quyết các thắc mắc và tính pháp lý của nhãn Thiết kế phối hợp và thiết kế theo yêu cầu của khách Bước 3: Thiết kế phụ trách thiết kế. Lưu ý: Bám sát vào ý tưởng khách hàng Thiết kế theo thông tin trên giấy đăng kí sản phẩm Kiểm tra thông tin nhãn trên bảng check nhãn để tránh thiếu sót các thông tin bắt buộc trên nhãn Các thông tin sản phẩm đặc thù phải đặc biệt lưu ý và không được sai sót trên nhãn Đặc biệt kiểm tra TÊN HIỆU của nhãn Bước 4: Chốt nhãn Thiết kế xong nhãn > gửi lên nhóm > Khách hàng xác nhận > Vật tư (thiết kế) cập nhật vào file theo dõi > gửi lên nhóm CHỐT NHÃN Lưu ý: Trong quá trình thiết kế nhãn, các bộ phận phải theo dõi và giải quyết các vấn đề của khách nhanh nhất và hợp lý nhất Các bộ phận có trách nhiệm nhắc nhở lẫn nhau để tiến độ diễn ra nhanh chóng CSKH có nhiệm vụ tư vấn và trao đổi với khách các vấn đề liên quan đến nhãn mác, tránh trường hợp đã thiết kế xong nhưng khách không chốt Khi xảy ra các trường hợp sai quy định thiết kế, vật tư và cskh có nhiệm vụ tư vấn lại với khách, nếu liên quan đến pháp lý không thể giải quyết phải liên hệ với cấp trưởng để chốt lại.",nhan_mang_tui,kiểm_tra|thiết_kế,nội dung và quy trình thiết kế nhãn riêng gồm những gì? là gì?,quy-trinh-thiet-ke-nhan-rieng.jpg|buoc-1-thiet-ke-nhan-rieng.jpg|buoc-2-thiet-ke-nhan-rieng.jpg|buoc-3-thiet-ke-nhan-rieng.jpg|buoc-4-thiet-ke-nhan-rieng.jpg
199_chunk_00,quy trình kiểm tra và huỷ nhãn được thực hiện như thế nào?,"III. KIỂM TRA HUỶ NHÃN NHẬN YÊU CẦU HUỶ NHÃN TỪ SẾP OR CSKH Nhãn chung không có nhu cầu đóng Nhãn riêng: nhãn lẽ, nhãn không có nhu cầu đóng TẬP HỢP NHÃN HUỶ Kết hợp với kho vật tư lên danh sách nhãn cần huỷ Kho tập hợp các nhãn lẻ sau kho đóng xong kế hoạch Tất cả tập trung về 1 vị trí để tránh nhầm lẫn KIỂM TRA HUỶ NHÃN Vật tư kết hợp với kế toán kiểm tra nhãn huỷ nếu là nhãn chung Vật tư, kế toán, kinh doanh cùng kiểm tra huỷ HUỶ NHÃN Trình ký phiếu huỷ nhãn khi đã có chữ ký đầy đủ của người kiểm tra và quản lý bộ phận có liên quan Sếp ký huỷ > scan phiếu gửi lên nhóm của sản xuất và đưa bảng gốc cho kế toán",ke_hoach_vat_tu,kiểm_tra|kế_hoạch,quy trình kiểm tra và huỷ nhãn được thực hiện như thế nào? là gì?,
200_chunk_00,quy trình và mục đích kiểm tra thành phẩm gồm những gì?,"VI. KIỂM TRA THÀNH PHẨM Mục đích: Đảm bảo chất lượng sản phẩm trong quá trình lưu kho Kiểm soát và phát hiện những lỗi sản phẩm trong quá trình sản xuất. Phát hiện thành phẩm không đạt chất lượng → có phương án phân loại, xử lý, hoặc thu hồi sớm trước khi phân phối. Lên lịch định kỳ hàng tháng kiểm tra các thành phẩm trong kho Tập hợp danh sách và số lượng tồn kho một số sản phẩm có nguyên liệu đặc thù, nguyên liệu mạnh hoặc xông hơi Cách thức kiểm tra: Kiểm tra xác xuất 5-10% theo số lượng tồn kho thực tế Kiểm tra cảm quan và tình trạng seal Nếu phát hiện các tình trạng bất thường > kịp thời thông báo các bộ phận liên quan để kiểm tra > các lỗi nghiêm trọng phải thông báo ngưng xuất hàng và báo cáo ngay với lãnh đạo để có phương án xử lý kịp thời LƯU Ý: Nếu phát hiện các tình trạng bất thường > kịp thời thông báo các bộ phận liên quan để kiểm tra > các lỗi nghiêm trọng phải thông báo ngưng xuất hàng và báo cáo ngay với lãnh đạo để có phương án xử lý kịp thời",quy_trinh,kiểm_tra|tồn_kho,quy trình và mục đích kiểm tra thành phẩm gồm những gì? là gì?,kiem-tra-thanh-pham.jpg
201_chunk_00,nội dung quản lý cân và xe nâng tay điện gồm những gì?,"V. QUẢN LÝ CÂN VÀ XE NÂNG TAY ĐIỆN Mục đích: Kiểm tra tính chính xác và hoạt động của cân Kịp thời xử lý các lỗi của cân và xe nâng tay điện ĐỐI VỚI CÂN - Định kỳ kiểm tra cân 2 tháng/lần, quản lý số lượng cân từng bộ phận - Kiểm tra tình trạng cân và theo dõi hiệu chỉnh, sửa chữa cân nếu có - Nhận thông tin, phản ánh và xử lý các vấn đề về cân - Kiểm tra cách sử dụng cân, bảo quản cân (kiểm tra xác xuất các line dưới sản xuất) - Thanh lý hoặc mua bổ sung cân theo nhu cầu sử dụng của sản xuất và các bộ phận liên quan ĐỐI VỚI XE NÂNG TAY ĐIỆN - Nhận thông tin, phản ánh và xử lý các vấn đề về xe nâng tay điện nếu phát sinh - Kiểm tra cách sử dụng xe nâng trong quá trình sản xuất",khac,kiểm_tra,nội dung quản lý cân và xe nâng tay điện gồm những gì? là gì?,
202_chunk_00,nội dung thiết kế nhãn – gói (công ty – khách hàng) gồm những gì?,"I. THIẾT KẾ NHÃN – GÓI ( CÔNG TY – KHÁCH HÀNG) Nhận lệnh thiết kế từ vật tư or người phân công thiết kế Triển khai thiết kế dựa trên ý tưởng của khách hàng Khách chốt nhãn > LƯU FILE nhận danh sách nhãn gói mới (đặt in lần đầu) > thêm ô tích Nhận đơn hàng của vật tư Gửi file cho nhà in Trình tự thiết kế: + nhóm nào phân công trước + một nhóm mà có nhiều thiết kế > thiết kế từ nhãn + dành thời gian cho các nhóm khác được phân công Cách lưu file: tất cả lưu trên đường dẫn NAS + folder: tên đơn vị quản lý + file: tên thương mại sp TONE MÀU KHI THIẾT KẾ NHÃN – GÓI thuốc trừ sâu: Màu vàng, đỏ, cam > màu nóng thuốc trừ bệnh : Màu xanh, tươi mát > thiên về màu lạnh thốc cỏ: Có thể màu nóng hoặc lạnh > thiên về hình ảnh cỏ nhiều hơn > Khi thiết kế nhãn > lưu ý phải hình ảnh và câu chữ phải có logic và liên kết với nhau. Ví dụ: tên hiệu ”VUA SÂU” > HÌNH ÔNG VUA > trên nhãn phải có hình ảnh trọng tâm là điểm nhấn THÔNG TIN CẦN CÓ TRÊN NHÃN Dựa vào thông tin của giấy đăng kí và công bố hợp quy 1. Tên thương mại 2. Hoạt chất hàm lượng 3. Số đăng ký 4. Số hợp quy 5. Đối tượng đăng ký 6. Đơn vị đăng ký, địa chỉ 7. Đơn vị ủy quyền, địa chỉ 8. Đơn vị sản xuất 9. Xuất xứ 10. Canh mép 11. Đơn vị phân phối, địa chỉ 12. Màu độc, biểu tượng độc 13. Quy cách 14. NSX, ngày đóng gói, HSD 15. Liều lượng, cách dùng, HDATSD 16. Thời gian cách ly 17. Tên chai, kích thước 18. Mã QR 19. Câu nhận biết 20. Sở hữu trí tuệ Trên giấy hợp quy Trên giấy hợp quy 12. Màu độc, biểu tượng độc Các lưu ý: Đối với mục 9 “Xuất Xứ”: Từ tháng 6/2025 trở đi tất cá các nhãn sẽ bỏ xuất xứ Mục số 12 “Màu độc, biểu tượng độc”: có 3 mức độ độc tương ứng 2 màu độc và 3 câu cảnh báo + 3 GHS: màu vàng + 4 GHS: màu vàng + 5 GHS: màu xanh dương Trên giấy hợp quy 4. Số hợp quy: Cần lưu ý thời hạn của giấy hợp quy",chai,100ml|5lít|EC|HDPE|NHÔM|PET|SC|SL|dung_môi_mạnh|kiểm_tra|thiết_kế,nội dung thiết kế nhãn – gói (công ty – khách hàng) gồm những gì? là gì?,tren-giay-dang-ky-3-6-1-2-12-7.jpg|tren-giay-dang-ky-5-16-15.jpg|3-ghs-mau-vang.jpg|4-ghs-mau-vang.jpg|5-ghs-mau-xanh-duong.jpg|tren-giay-hop-quy-4-8.jpg|han-su-dung.jpg|ten-chai-va-kich-thuoc.jpg|nhan-san-pham.jpg|quy-tac-ghi-ten-nhan.jpg
202_chunk_01,nội dung thiết kế nhãn – gói (công ty – khách hàng) gồm những gì?,"Từ tháng 6/2025 trở đi tất cá các nhãn sẽ bỏ xuất xứ Mục số 12 “Màu độc, biểu tượng độc”: có 3 mức độ độc tương ứng 2 màu độc và 3 câu cảnh báo + 3 GHS: màu vàng + 4 GHS: màu vàng + 5 GHS: màu xanh dương Trên giấy hợp quy 4. Số hợp quy: Cần lưu ý thời hạn của giấy hợp quy. Giấy hợp quy khi được đăng ký mới sẽ có số hợp quy mới 8. Đơn vị sản xuất: nếu trên giấy để “Báo cáo đánh giá hợp quy của công ty cổ phần BMC VN” thì ĐVSX sẽ là BMC Việt Nam. Nếu để tên công ty Agrishop hay Delta Thụy Sĩ thì ĐVSX sẽ là KCS 9. Xuất xứ: trên nhãn không thể hiện xuất xứ và các từ liên quan gây hiểu lầm về xuất xứ Ví dụ: sản phẩm của Singapore, nhập khẩu ấn độ,…. Sẽ không được thể hiện trên nhãn 10. Canh mép: Áp dụng cho nhãn giấy > toàn bộ đều canh mép phải, mép 10mm 11. Đơn vị phân phối, địa chỉ: được thể hiện trên nhãn hoặc không tuỳ vào yêu cầu của khách hàng 13. Quy cách + đặc điểm nguyên liệu: kiểm tra trên nhãn đã thể hiện hay chưa? Đơn vị thể tích thực đối với nguyên liệu nước và khối lượng tịnh đối với nguyên liệu bột 14. Ngày sản xuất, ngày đóng gói, hạn sử dụng, hạn sử dụng: cho tất cả các sản phẩm thuốc BVTV là 2 năm thuốc côn trùng có thể 2 năm hoặc 3 năm > dựa vào giấy đăng ký để xác định 17. Tên chai, kích thước: dựa vào bảng kích thước để check QUY TẮC GHI TÊN NHÃN > tên được ghi phía trên của nhãn NHÃN/GÓI -TÊN THƯƠNG MẠI – QUY CÁCH – (ĐẶC ĐIỂM LIỆU) – TÊN HIỆU – (C2) – ĐƠN VỊ PHÂN PHỐI – ĐƠN VỊ QUẢN LÝ ( MÃ CHAI, KÍCH THƯỚC) – NGÀY HOÀN THÀNH THIẾT KẾ ĐƯỢC GHI Ở GÓC PHẢI PHÍA DƯỚI NHÃN Đối với nhãn riêng công ty Phúc Thịnh sẽ có C2 -> tên nhóm ZALO có C2 hoặc UỶ THÁC PT> thì trên nhãn sẽ có câu “Ủy thác bởi PT” +Ví dụ: Nhãn bám dính – 100ml – Thấm sâu NOVA – NOVA – Mai Linh ( chai 100 -03, 171x41mm) QUY TẮC GHI TÊN NHÃN: Kích thước, mã chai",chai,100ml|5lít|EC|HDPE|NHÔM|PET|SC|SL|dung_môi_mạnh|kiểm_tra|thiết_kế,nội dung thiết kế nhãn – gói (công ty – khách hàng) gồm những gì? là gì?,tren-giay-dang-ky-3-6-1-2-12-7.jpg|tren-giay-dang-ky-5-16-15.jpg|3-ghs-mau-vang.jpg|4-ghs-mau-vang.jpg|5-ghs-mau-xanh-duong.jpg|tren-giay-hop-quy-4-8.jpg|han-su-dung.jpg|ten-chai-va-kich-thuoc.jpg|nhan-san-pham.jpg|quy-tac-ghi-ten-nhan.jpg
202_chunk_02,nội dung thiết kế nhãn – gói (công ty – khách hàng) gồm những gì?,"Đối với nhãn riêng công ty Phúc Thịnh sẽ có C2 -> tên nhóm ZALO có C2 hoặc UỶ THÁC PT> thì trên nhãn sẽ có câu “Ủy thác bởi PT” +Ví dụ: Nhãn bám dính – 100ml – Thấm sâu NOVA – NOVA – Mai Linh ( chai 100 -03, 171x41mm) QUY TẮC GHI TÊN NHÃN: Kích thước, mã chai: theo file đính kèm và luôn được ghi chú phía dưới mỗi nhãn (mã chai được viết lên mép nhãn giấy) Nhiều sản phẩm có nhiều dòng (Đặc điểm nguyên liệu): phải ghi note lên trên nhãn ( có danh sách đính kèm) Đặc điểm nguyên liệu ĐẶC THÙ cũng được ghi lên nhãn sau tên thương mại Ví dụ: KENBAST 15SL GOLD, GUSSI BASTAR 200SL LONG, ABINSEC 1.8EC gold,…. Phân biệt tên ĐƠN VỊ PHÂN PHỐI và ĐƠN VỊ QUẢN LÝ Những nhãn nào có tên đơn vị phân phối khác với tên nhóm ZALO thì trên mép gói hoặc mép nhãn phải để tên của nhóm ZALO đó Một số sản phẩm có nhiều dòng, nhiều đặc điểm nguyên liệu 1.GUSSI BASTAR, KENBAST Nguyên liệu ĐẶC Nguyên liệu lỏng > sau tên thương mại có chữ “LONG” KENBAST CÓ DÒNG GOLD> những sp cỏ k đóng dòng GOLD thì không được để GOLD lên nhãn 2.ABINSEC 1.8EC Nước đỏ Gold Oxatin Emaben sâu 3. CHITIN 3.6EC Nước đỏ Nước trong Nhện 4.IGRO 240SC > TRÊN NHÃN PHẢI CÓ DÒNG NGUYÊN LIỆU Chlorfenapyr Ohayo Xpro 5.KAJIO 5EC dòng siêu rẻ Dòng thường 6.BINHTOX, KOTO 240SC, KYODO 25SC Nguyên liệu thường Nguyên liệu gold 7.KAJIO 1GR Dòng alpha > hạt đỏ - Dòng gold > hạt xanh 8.HAIHAMEC, ANKMEC, DAPHAMEC, Nước đỏ Nước trong 9.SP CÓ MÀU SẮC BỘT > TRÊN NHÃN PHẢI CÓ MÀU SẮC BỘT – NẾU KHÔNG CỤ THỂ THÌ ĐỂ DẠNG Ô TÍCH FORTHANE (bột xanh + bột vàng) BYPHAN (bột xanh + bột vàng) SCORTLAN (bột xanh + bột vàng) TATSU 25WP ( bột xanh+ bột vàng + bột trắng) FORTAZEB (bột xanh + bột vàng) NIKO (bột xanh + bột vàng) Một số LƯU Ý VỀ “ĐƠN VỊ SẢN XUẤT” Voi Thai Gold Abinsec Gold Ohayo 100SC Igro ( Ohayo 240SC) Igro Xpro (Hoàng Tử Sâu) Abinsec oxati",chai,100ml|5lít|EC|HDPE|NHÔM|PET|SC|SL|dung_môi_mạnh|kiểm_tra|thiết_kế,nội dung thiết kế nhãn – gói (công ty – khách hàng) gồm những gì? là gì?,tren-giay-dang-ky-3-6-1-2-12-7.jpg|tren-giay-dang-ky-5-16-15.jpg|3-ghs-mau-vang.jpg|4-ghs-mau-vang.jpg|5-ghs-mau-xanh-duong.jpg|tren-giay-hop-quy-4-8.jpg|han-su-dung.jpg|ten-chai-va-kich-thuoc.jpg|nhan-san-pham.jpg|quy-tac-ghi-ten-nhan.jpg
202_chunk_03,nội dung thiết kế nhãn – gói (công ty – khách hàng) gồm những gì?,"SCORTLAN (bột xanh + bột vàng) TATSU 25WP ( bột xanh+ bột vàng + bột trắng) FORTAZEB (bột xanh + bột vàng) NIKO (bột xanh + bột vàng) Một số LƯU Ý VỀ “ĐƠN VỊ SẢN XUẤT” Voi Thai Gold Abinsec Gold Ohayo 100SC Igro ( Ohayo 240SC) Igro Xpro (Hoàng Tử Sâu) Abinsec oxatin Binhtox 3.8EC Gold Koto gold Abinsec Emaben siêu diệt sâu Hosu Kyodo Gold Envidor (hoàng phát) Kyodo Super : Đóng cho Hoàng Phát: Chuyên nhện Ethin nhện (Hoàng Phát) côn trùng Chitin 3.6 Nhện Chúa (Hoàng Phát) Songho (Nhật Anh) Các nhãn giấy phép côn trùng > LƯU Ý: CÁC SP TRÊN CHỈ ĐƯỢC ĐỂ ĐƠN VỊ SX TRÊN PHIẾU KCS > các loại sp khác nếu nhãn riêng khách của khách muốn để đơn vị sx sẽ ghi địa chỉ sản xuất, gia công cho khách bình thường Một số LƯU Ý VỀ LOẠI CHAI KHI THIẾT KẾ NHÃN - chai HDPE ( 240-08, 480-03, 1000-06, ZEROANVIL, BASAGA, bộ BASP, bộ BAYE, chai 1000-18, can 5 lít) > những loại này không đóng được liệu EC - Chai nhôm > không đóng SC - bộ pet tròn trắng > không đóng được liệu có dung môi mạnh: forgon, forsan, arriphos - gone super và bretil super > chỉ đóng cho chai 3 lớp ( 30-01, 240-06, 240 teen, 240 asmil) - GARDONA 250SL > KHÔNG THIẾT KẾ CHO TẤT CẢ CÁC LOẠI CHAI PET - BỘ PET ĐÓNG CỎ (100480-01, 1000-04, 1000-20, 1000-15) > CHỈ ĐÓNG CỎ SL CÁCH TRA TÊN SỞ HỮU TRÍ TUỆ Tra trên danh mục thuốc bvtv đã được đăng ký lưu hành Tra trên trang thông tin của cục sở hữu trí tuệ > tra theo từ khoá Tra trên google > gõ tên lên gg sẽ hiện các tên gần giống Phải thực hiện đồng thời 3 các trên để không bị sót và biết được các tên gần giống Không được đặt các tên đã được đăng kí shtt của các công ty cùng ngành ( syngenta, baye,…. ) Không đặt tên của các thương hiệu nổi tiếng gây nhầm lẫn ( vd: cocacola, pesi,….)",chai,100ml|5lít|EC|HDPE|NHÔM|PET|SC|SL|dung_môi_mạnh|kiểm_tra|thiết_kế,nội dung thiết kế nhãn – gói (công ty – khách hàng) gồm những gì? là gì?,tren-giay-dang-ky-3-6-1-2-12-7.jpg|tren-giay-dang-ky-5-16-15.jpg|3-ghs-mau-vang.jpg|4-ghs-mau-vang.jpg|5-ghs-mau-xanh-duong.jpg|tren-giay-hop-quy-4-8.jpg|han-su-dung.jpg|ten-chai-va-kich-thuoc.jpg|nhan-san-pham.jpg|quy-tac-ghi-ten-nhan.jpg
203_chunk_00,nội dung thiết kế phục vụ công tác tuyển dụng bao gồm những gì?,"II. THIẾT KẾ PHỤC VỤ CHO CÔNG TÁC TUYỂN DỤNG Nhận thông tin từ HCNS, Vật tư, Kế toán thiết kế các tờ rơi, banner tuyển dụng, thông báo lịch nghỉ, các backdrop cho các sự kiện của công ty theo nhu cầu > lưu ý trao đổi về lịch trình làm việc để tránh chậm tiến độ",thiet_ke,thiết_kế,nội dung thiết kế phục vụ công tác tuyển dụng bao gồm những gì? là gì?,banner-tuyen-dung-thiet-ke-do-hoa.jpg|banner-tuyen-dung-nhan-vien-it.jpg|banner-thong-bao-thay-doi-nhan.jpg|banner-thong-bao-nghi-le-quoc-khanh.jpg|banner-gala-dinner.jpg
204_chunk_00,các công việc cấp trên giao hoặc hỗ trợ các phòng ban khác gồm những gì?,"III. CÁC CÔNG VIỆC CẤP TRÊN HOẶC HỖ TRỢ CÁC PHÒNG BAN KHÁC Thực hiện các công việc Ban lãnh đạo giao Hỗ trợ nghiệp vụ cho các phòng ban khác như kế toán, kinh doanh,.. > Nhận thông tin từ các phòng ban để thiết kế theo yêu cầu > > lưu ý trao đổi về lịch trình làm việc để tránh chậm tiến độ . Thông báo với Vật tư và bạn phân thiết kế để có kế hoạch điều chỉnh công việc để không bị động",ke_hoach_vat_tu,kế_hoạch|thiết_kế,các công việc cấp trên giao hoặc hỗ trợ các phòng ban khác gồm những gì? là gì?,
